index,is input,flow ID,flow name,flow category,flow unit,flow type,location ID,location name,location code
0,false,7ee0ddc3-924d-4339-b9bf-7856af6a698f,waste polyethylene,"E:Water supply; sewerage, waste management and remediation activities/38:Waste collection, treatment and disposal activities; materials recovery/382:Waste treatment and disposal/3821:Treatment and disposal of non-hazardous waste",kg,waste,,,
1,false,075e433b-4be4-448e-9510-9a5029c1ce94,Water,Elementary flows/Emission to air/unspecified,m3,elementary,,,
2,true,b0f4c2fb-5081-474a-8ffa-1457da8345db,"diesel, burned in building machine",F:Construction/43:Specialized construction activities/431:Demolition and site preparation/4312:Site preparation,MJ,product,,,
3,true,ef5d9b7f-0d4a-49b9-a2eb-eef36ded1c38,"concrete, 30MPa","C:Manufacturing/23:Manufacture of other non-metallic mineral products/239:Manufacture of non-metallic mineral products n.e.c./2395:Manufacture of articles of concrete, cement and plaster",m3,product,,,
4,true,0c826417-e870-4c43-95c4-b38ff2ff47d2,"excavation, hydraulic digger",F:Construction/43:Specialized construction activities/431:Demolition and site preparation/4312:Site preparation,m3,product,,,
5,true,37eceabd-b33f-4757-a4b9-5c51dee1710d,"gravel, crushed","B:Mining and quarrying/08:Other mining and quarrying/081:Quarrying of stone, sand and clay/0810:Quarrying of stone, sand and clay",kg,product,,,
6,false,48f6b7c9-093b-4dd0-bf0d-9ba54b4c2d22,"waste concrete, not reinforced","E:Water supply; sewerage, waste management and remediation activities/38:Waste collection, treatment and disposal activities; materials recovery/382:Waste treatment and disposal/3821:Treatment and disposal of non-hazardous waste",kg,waste,,,
7,false,9219c94a-7a25-4a4c-b25d-c096fdd50d47,waste polyvinylchloride,"E:Water supply; sewerage, waste management and remediation activities/38:Waste collection, treatment and disposal activities; materials recovery/382:Waste treatment and disposal/3821:Treatment and disposal of non-hazardous waste",kg,waste,,,
8,true,0da5307e-df93-4bc2-b5bc-6cda3cb55e8c,synthetic rubber,"C:Manufacturing/20:Manufacture of chemicals and chemical products/201:Manufacture of basic chemicals, fertilizers and nitrogen compounds, plastics/2013:Manufacture of plastics and synthetic rubber in primary forms",kg,product,,,
9,false,f6080ed9-2b32-318e-9873-fdcf738eb819,"Water, CH",Elementary flows/Emission to water/unspecified,m3,elementary,,,
10,true,759b89bd-3aa6-42ad-b767-5bb9ef5d331d,"electricity, medium voltage","D:Electricity, gas, steam and air conditioning supply/35:Electricity, gas, steam and air conditioning supply/351:Electric power generation, transmission and distribution/3510:Electric power generation, transmission and distribution",MJ,product,,,
11,true,fd3ee522-16db-41e4-967f-8bffe0b0ea87,"gravel, round","B:Mining and quarrying/08:Other mining and quarrying/081:Quarrying of stone, sand and clay/0810:Quarrying of stone, sand and clay",kg,product,,,
12,false,7513d2f5-d7ee-497b-971b-a5ad34ab5c83,"waste rubber, unspecified","E:Water supply; sewerage, waste management and remediation activities/38:Waste collection, treatment and disposal activities; materials recovery/382:Waste treatment and disposal/3821:Treatment and disposal of non-hazardous waste",kg,waste,,,
13,true,ec23da1b-e5fa-4f01-bd2c-3233fece2175,"cement, unspecified","C:Manufacturing/23:Manufacture of other non-metallic mineral products/239:Manufacture of non-metallic mineral products n.e.c./2394:Manufacture of cement, lime and plaster",kg,product,,,
14,true,f51d7ccf-0bee-430d-98a3-8334adbe39fc,sand,"B:Mining and quarrying/08:Other mining and quarrying/081:Quarrying of stone, sand and clay/0810:Quarrying of stone, sand and clay",kg,product,,,
15,false,5357a067-f798-46fb-97b0-fa18f723341b,waste reinforced concrete,"E:Water supply; sewerage, waste management and remediation activities/38:Waste collection, treatment and disposal activities; materials recovery/382:Waste treatment and disposal/3821:Treatment and disposal of non-hazardous waste",kg,waste,,,
16,true,29630a65-f38c-48a5-9744-c0121f586640,"Transformation, from unspecified",Elementary flows/Resource/land,m2,elementary,,,
17,true,4624deff-2016-41d4-b2bf-3db8dab88779,"Transformation, to industrial area",Elementary flows/Resource/land,m2,elementary,,,
18,true,1e8b4d56-39a8-4f15-b606-435b988945dc,"unreinforced concrete, 15MPa","C:Manufacturing/23:Manufacture of other non-metallic mineral products/239:Manufacture of non-metallic mineral products n.e.c./2395:Manufacture of articles of concrete, cement and plaster",m3,product,,,
19,true,fe9c3a98-a6d2-452d-a9a4-a13e64f1b95b,"Occupation, industrial area",Elementary flows/Resource/land,m2*a,elementary,,,
20,false,22e27360-4621-4591-8412-a4f2045ac1a0,waste asphalt,"E:Water supply; sewerage, waste management and remediation activities/38:Waste collection, treatment and disposal activities; materials recovery/382:Waste treatment and disposal/3821:Treatment and disposal of non-hazardous waste",kg,waste,,,
21,true,4b6b9b76-3199-4bd0-b11d-f8f2efbeac4e,"Occupation, construction site",Elementary flows/Resource/land,m2*a,elementary,,,
22,false,b0176c67-5bc0-462a-8466-4f372f446f7c,waste polystyrene,"E:Water supply; sewerage, waste management and remediation activities/38:Waste collection, treatment and disposal activities; materials recovery/382:Waste treatment and disposal/3821:Treatment and disposal of non-hazardous waste",kg,waste,,,
23,false,276e755c-ed57-466a-b555-4658c791f385,Beryllium II,Elementary flows/Emission to water/surface water,kg,elementary,,,
24,false,d6235194-e4e6-4548-bfa3-ac095131aef4,"Carbon dioxide, non-fossil",Elementary flows/Emission to air/low population density,kg,elementary,,,
25,false,061d04a0-af1d-4884-bdd3-997b6cd5550f,Boron,"Elementary flows/Emission to water/ground water, long-term",kg,elementary,,,
26,false,8f1b69d9-fc00-4b46-99f9-7a57fd71dad2,Strontium,"Elementary flows/Emission to water/ground water, long-term",kg,elementary,,,
27,false,c26d4716-ce1e-43da-a662-cd9498b1e8bc,Molybdenum VI,Elementary flows/Emission to air/high population density,kg,elementary,,,
28,false,24cf82f8-c517-4fef-8f93-17519adb855e,Barium II,Elementary flows/Emission to air/low population density,kg,elementary,,,
29,false,d4291dd5-dae8-47fa-bf06-466fcecbc210,Cobalt II,Elementary flows/Emission to water/surface water,kg,elementary,,,
30,false,e43a270f-4f88-4789-a0b8-7aba56677743,Nickel II,Elementary flows/Emission to air/high population density,kg,elementary,,,
31,false,36e53653-1338-42c7-816c-f6667809e0b1,Cadmium II,Elementary flows/Emission to air/high population density,kg,elementary,,,
32,false,66bfb434-78ab-4183-b1a7-7f87d08974fa,Mercury II,Elementary flows/Emission to water/surface water,kg,elementary,,,
33,false,e60edb16-3c74-415b-9aff-a22a6f49fecb,Arsenic ion,"Elementary flows/Emission to water/ground water, long-term",kg,elementary,,,
34,false,7ce56135-2ca5-4fba-ad52-d62a34bfeb35,Nitrate,Elementary flows/Emission to water/surface water,kg,elementary,,,
35,false,8b7dc667-f04e-492c-a161-80b1482126b0,Hydrogen fluoride,Elementary flows/Emission to air/low population density,kg,elementary,,,
36,false,5fa36ce3-aed0-443b-a09d-4cdf25b41995,Molybdenum VI,Elementary flows/Emission to air/low population density,kg,elementary,,,
37,false,4d40d8e3-9bc7-4ab1-ac5c-4f4a76fda8e5,Chromium III,Elementary flows/Emission to air/low population density,kg,elementary,,,
38,false,4295ed5b-9824-4bbf-97a4-fc4cabd87f0d,Strontium,Elementary flows/Emission to water/surface water,kg,elementary,,,
39,false,1e904267-caa3-40e6-a3a0-fc104489770b,Cobalt II,"Elementary flows/Emission to water/ground water, long-term",kg,elementary,,,
40,true,06b8d05b-e1e6-427b-929c-bb55e84e7c08,"ammonia, anhydrous, liquid","C:Manufacturing/20:Manufacture of chemicals and chemical products/201:Manufacture of basic chemicals, fertilizers and nitrogen compounds, plastics/2012:Manufacture of fertilizers and nitrogen compounds",kg,product,,,
41,true,0d978369-c529-46f1-97b8-bdb539bf31ba,"wastewater treatment facility, capacity 5E9l/year",F:Construction/42:Civil engineering/422:Construction of utility projects/4220:Construction of utility projects,Item(s),product,,,
42,false,35df5fe0-c90d-43b4-a35a-3d97022114d2,Silver I,Elementary flows/Emission to air/low population density,kg,elementary,,,
43,false,13331e67-6006-48c4-bdb4-340c12010036,Ammonium,Elementary flows/Emission to water/surface water,kg,elementary,,,
44,false,0405367e-b450-3279-a323-74110bfb61e4,"Ammonia, CH",Elementary flows/Emission to air/high population density,kg,elementary,,,
45,true,61396bcb-bf35-411a-a6a6-8543ccef83e8,"sodium hydroxide, without water, in 50% solution state","C:Manufacturing/20:Manufacture of chemicals and chemical products/201:Manufacture of basic chemicals, fertilizers and nitrogen compounds, plastics/2011:Manufacture of basic chemicals",kg,product,,,
46,false,ff36578b-f403-4656-b934-81d8d4e02dc8,Titanium ion,Elementary flows/Emission to water/surface water,kg,elementary,,,
47,false,bfc0bf1c-e5e2-4702-a502-08c892031837,Sulfate,"Elementary flows/Emission to water/ground water, long-term",kg,elementary,,,
48,false,2a46e7f4-c66c-43e5-8a8a-d119c4098aff,Titanium ion,"Elementary flows/Emission to water/ground water, long-term",kg,elementary,,,
49,false,9597c1a2-ecda-4a89-97c5-efcdc679058d,Potassium I,Elementary flows/Emission to air/low population density,kg,elementary,,,
50,false,a8fea8cf-9b09-49fc-aa58-5a732494a2a0,"COD, Chemical Oxygen Demand","Elementary flows/Emission to water/ground water, long-term",kg,elementary,,,
51,false,7e9baf19-8fa4-49c6-a3c2-2e875217e60b,Thallium I,"Elementary flows/Emission to water/ground water, long-term",kg,elementary,,,
52,false,175baa64-d985-4c5e-84ef-67cc3a1cf952,"NMVOC, non-methane volatile organic compounds",Elementary flows/Emission to air/high population density,kg,elementary,,,
53,false,83cf77ca-867b-4eef-b0f0-78d71b3d91d5,Antimony ion,"Elementary flows/Emission to water/ground water, long-term",kg,elementary,,,
54,false,0017271e-7df5-40bc-833a-36110c1fe5d5,Nitrite,Elementary flows/Emission to water/surface water,kg,elementary,,,
55,false,24e0a9cb-a789-46e2-a25c-0278a90d67e5,Beryllium II,"Elementary flows/Emission to water/ground water, long-term",kg,elementary,,,
56,false,34b96163-a3df-4bc1-8224-e2a9fe01b23f,Antimony ion,Elementary flows/Emission to water/surface water,kg,elementary,,,
57,true,4a2aeb6d-125d-4473-8df7-310d98da3e2d,"process-specific burdens, sanitary landfill","E:Water supply; sewerage, waste management and remediation activities/38:Waste collection, treatment and disposal activities; materials recovery/382:Waste treatment and disposal/3821:Treatment and disposal of non-hazardous waste",kg,product,,,
58,false,43b29ad9-26dd-4838-b931-6216e55a0120,Antimony ion,Elementary flows/Emission to air/low population density,kg,elementary,,,
59,false,88afd721-07ec-4910-a004-fa3fecb6bf70,"waste plastic, mixture","E:Water supply; sewerage, waste management and remediation activities/38:Waste collection, treatment and disposal activities; materials recovery/382:Waste treatment and disposal/3821:Treatment and disposal of non-hazardous waste",kg,waste,,,
60,false,00d2fef1-e4d4-4a16-8e81-b8cc514e4c25,Fluoride,Elementary flows/Emission to water/surface water,kg,elementary,,,
61,false,73ed05cc-9727-4abf-9516-4b5c0fe54a16,"Carbon dioxide, non-fossil",Elementary flows/Emission to air/high population density,kg,elementary,,,
62,false,baf58fc9-573c-419c-8c16-831ac03203b9,"Methane, non-fossil",Elementary flows/Emission to air/high population density,kg,elementary,,,
63,false,9c3bd678-1b2f-4b95-a245-d5c8a3fe326b,Aluminium III,Elementary flows/Emission to air/low population density,kg,elementary,,,
64,false,94e22edc-fe4b-4bab-9a09-a081595389cc,Boron,Elementary flows/Emission to water/surface water,kg,elementary,,,
65,false,c6462d84-caa9-425a-a923-45238690c6f3,Silver I,Elementary flows/Emission to air/high population density,kg,elementary,,,
66,true,092689fc-3f10-47fe-abbd-9ffaf77f3013,"process-specific burdens, slag landfill","E:Water supply; sewerage, waste management and remediation activities/38:Waste collection, treatment and disposal activities; materials recovery/382:Waste treatment and disposal/3821:Treatment and disposal of non-hazardous waste",kg,product,,,
67,true,dd80f0f2-f4d5-40f0-9035-09c1a7f3f07b,"heat, central or small-scale, other than natural gas","D:Electricity, gas, steam and air conditioning supply/35:Electricity, gas, steam and air conditioning supply/353:Steam and air conditioning supply/3530:Steam and air conditioning supply",MJ,product,,,
68,false,f532985c-90b7-46fc-aac9-b039b40e22f1,Manganese II,Elementary flows/Emission to water/surface water,kg,elementary,,,
69,false,7705f0e1-5b14-44f4-b330-1245b5c7fc08,Chromium III,Elementary flows/Emission to air/high population density,kg,elementary,,,
70,false,3ea5684a-6d64-4f96-8c09-1d90f997c9d4,Antimony ion,Elementary flows/Emission to air/high population density,kg,elementary,,,
71,true,b3b9ef80-e096-4d20-9d1a-c1002e24362f,sanitary landfill facility,F:Construction/42:Civil engineering/429:Construction of other civil engineering projects/4290:Construction of other civil engineering projects,Item(s),product,,,
72,true,2a478bad-9f24-4208-a86c-3683f9b69610,"quicklime, milled, packed","C:Manufacturing/23:Manufacture of other non-metallic mineral products/239:Manufacture of non-metallic mineral products n.e.c./2394:Manufacture of cement, lime and plaster",kg,product,,,
73,false,835d0907-a668-4d92-b6b6-7b56fa343713,Manganese II,"Elementary flows/Emission to water/ground water, long-term",kg,elementary,,,
74,false,ac066c02-b403-407b-a1f0-b29ad0f8188f,Calcium II,Elementary flows/Emission to water/surface water,kg,elementary,,,
75,false,fc0b5c85-3b49-42c2-a3fd-db7e57b696e3,"COD, Chemical Oxygen Demand",Elementary flows/Emission to water/surface water,kg,elementary,,,
76,false,68e32537-beae-41c2-be72-74df4d273c11,Hydrochloric acid,Elementary flows/Emission to air/low population density,kg,elementary,,,
77,false,3184c902-c587-4fd7-bd89-769d3cf30072,Barium II,"Elementary flows/Emission to water/ground water, long-term",kg,elementary,,,
78,false,198ce8e3-f05a-4bec-9f7f-325347453326,Phosphorus,Elementary flows/Emission to air/high population density,kg,elementary,,,
79,false,5ffb3576-740f-41ba-814f-8538d83a4b3b,Barium II,Elementary flows/Emission to air/high population density,kg,elementary,,,
80,false,6d9550e2-e670-44c1-bad8-c0c4975ffca7,Copper ion,Elementary flows/Emission to water/surface water,kg,elementary,,,
81,false,a850e6de-a007-432f-be7f-ce6e2cf1f2ae,Mercury II,Elementary flows/Emission to air/high population density,kg,elementary,,,
82,false,ae28c923-a4a3-4f00-b862-1ae6e748efb9,Calcium II,"Elementary flows/Emission to water/ground water, long-term",kg,elementary,,,
83,false,3e419ebc-c0f1-4f85-a544-cf3460a680b6,Boron,Elementary flows/Emission to air/high population density,kg,elementary,,,
84,false,ca04300a-8338-4601-ba7c-66c10a4f6322,Cobalt II,Elementary flows/Emission to air/high population density,kg,elementary,,,
85,false,b821ad93-ba6a-4d74-b6ae-ca12cd9563d7,"Carbon monoxide, non-fossil",Elementary flows/Emission to air/low population density,kg,elementary,,,
86,true,3ab60559-40d3-42e4-9cac-476a519098fa,"hydrochloric acid, without water, in 30% solution state",C:Manufacturing/24:Manufacture of basic metals/242:Manufacture of basic precious and other non-ferrous metals/2420:Manufacture of basic precious and other non-ferrous metals,kg,product,,,
87,false,97e498ec-f323-4ec6-bcc0-d8a4c853bae3,Aluminium III,Elementary flows/Emission to water/surface water,kg,elementary,,,
88,false,490b267b-f429-4d9a-ac79-224e37fb4d58,Phosphate,"Elementary flows/Emission to water/ground water, long-term",kg,elementary,,,
89,false,7348af7c-e102-4a03-a0df-efce16469eed,Arsenic ion,Elementary flows/Emission to air/low population density,kg,elementary,,,
90,false,7c335b9c-a403-47a8-bb6d-2e7d3c3a230e,Iron ion,Elementary flows/Emission to water/surface water,kg,elementary,,,
91,false,7f6bb533-2d3c-43a6-ac60-6eef299d7c52,"waste cement, hydrated","E:Water supply; sewerage, waste management and remediation activities/38:Waste collection, treatment and disposal activities; materials recovery/382:Waste treatment and disposal/3822:Treatment and disposal of hazardous waste",kg,waste,,,
92,false,2718482b-8399-442e-b89a-52fbcc22d2e6,Lead II,Elementary flows/Emission to air/low population density,kg,elementary,,,
93,false,b61057a3-a0bc-4158-882e-b819c4797419,Nitrate,"Elementary flows/Emission to water/ground water, long-term",kg,elementary,,,
94,false,aedea697-930a-4a0e-9e4f-b9c369aa9a33,"BOD5, Biological Oxygen Demand","Elementary flows/Emission to water/ground water, long-term",kg,elementary,,,
95,false,479daf8f-657e-46a6-bdea-3cb2c61c44b1,Silicon,Elementary flows/Emission to air/low population density,kg,elementary,,,
96,true,1125e767-7b5d-442e-81d6-9b0d3e1919ac,"heat, district or industrial, natural gas","D:Electricity, gas, steam and air conditioning supply/35:Electricity, gas, steam and air conditioning supply/353:Steam and air conditioning supply/3530:Steam and air conditioning supply",MJ,product,,,
97,false,c718275a-a974-3d67-8384-c535159c962d,"Nitrogen oxides, CH",Elementary flows/Emission to air/low population density,kg,elementary,,,
98,false,ea70cc93-c68c-4228-8b8e-1b189b4c705c,Chloride,"Elementary flows/Emission to water/ground water, long-term",kg,elementary,,,
99,false,f4d0a2c8-efef-4188-85da-5801097389a2,Arsenic ion,Elementary flows/Emission to air/high population density,kg,elementary,,,
100,true,b419e26a-249f-4286-a6f8-188e7dfba951,titanium dioxide,"C:Manufacturing/20:Manufacture of chemicals and chemical products/201:Manufacture of basic chemicals, fertilizers and nitrogen compounds, plastics/2011:Manufacture of basic chemicals",kg,product,,,
101,false,2460f868-54a9-404c-bec8-c809a44ae72c,Manganese II,Elementary flows/Emission to air/low population density,kg,elementary,,,
102,false,f65558fb-61a1-4e48-b4f2-60d62f14b085,"TOC, Total Organic Carbon",Elementary flows/Emission to water/surface water,kg,elementary,,,
103,false,88114041-7299-3af5-b17e-f79649c03cad,"Nitrogen oxides, CH",Elementary flows/Emission to air/high population density,kg,elementary,,,
104,false,ada3ecfe-8244-4389-bcce-e83ca4f66e09,Zinc II,Elementary flows/Emission to air/low population density,kg,elementary,,,
105,false,01056d4b-f9b0-4dfc-b8d9-8407c8376efb,Aluminium III,"Elementary flows/Emission to water/ground water, long-term",kg,elementary,,,
106,true,73b452c8-3ac4-4993-86e4-fe0653467988,"chemical, inorganic","C:Manufacturing/20:Manufacture of chemicals and chemical products/201:Manufacture of basic chemicals, fertilizers and nitrogen compounds, plastics/2011:Manufacture of basic chemicals",kg,product,,,
107,true,3cc30fa4-8564-443b-9849-8c7b98c60ec8,residual material landfill,F:Construction/42:Civil engineering/429:Construction of other civil engineering projects/4290:Construction of other civil engineering projects,Item(s),product,,,
108,false,9540d6dc-b589-4fbb-8260-1b6a88b8bf11,Thallium I,Elementary flows/Emission to air/low population density,kg,elementary,,,
109,false,ebfe261d-ab0d-4ade-8743-183c8c6bdcc6,Magnesium,Elementary flows/Emission to air/high population density,kg,elementary,,,
110,true,761145b7-3abe-48a5-a426-da5da6c36674,"aluminium sulfate, powder","C:Manufacturing/20:Manufacture of chemicals and chemical products/201:Manufacture of basic chemicals, fertilizers and nitrogen compounds, plastics/2011:Manufacture of basic chemicals",kg,product,,,
111,false,4a156a66-eb3e-4f87-90a2-ccd13bf942ff,Titanium ion,Elementary flows/Emission to air/low population density,kg,elementary,,,
112,false,9afa0173-ecbd-4f2c-9c5c-b3128a032812,"Carbon monoxide, non-fossil",Elementary flows/Emission to air/high population density,kg,elementary,,,
113,false,e8fc62ba-678e-4706-97d2-b79d83e227d5,Nickel II,Elementary flows/Emission to air/low population density,kg,elementary,,,
114,true,51202bed-5f41-4b96-a788-9f6649dcb3c8,"iron (III) chloride, without water, in 40% solution state","C:Manufacturing/20:Manufacture of chemicals and chemical products/201:Manufacture of basic chemicals, fertilizers and nitrogen compounds, plastics/2011:Manufacture of basic chemicals",kg,product,,,
115,false,e34d3da4-a3d5-41be-84b5-458afe32c990,Chromium III,Elementary flows/Emission to water/surface water,kg,elementary,,,
116,true,d69294d7-8d64-4915-a896-9996a014c410,"electricity, low voltage","D:Electricity, gas, steam and air conditioning supply/35:Electricity, gas, steam and air conditioning supply/351:Electric power generation, transmission and distribution/3510:Electric power generation, transmission and distribution",MJ,product,,,
117,true,637ee275-a239-4dcb-b084-abfa110dd65b,"electricity, for reuse in municipal waste incineration only","E:Water supply; sewerage, waste management and remediation activities/38:Waste collection, treatment and disposal activities; materials recovery/382:Waste treatment and disposal/3821:Treatment and disposal of non-hazardous waste",MJ,product,,,
118,false,33b38ccb-593b-4b11-b965-10d747ba3556,"NMVOC, non-methane volatile organic compounds",Elementary flows/Emission to air/low population density,kg,elementary,,,
119,false,5ec9c16a-959d-44cd-be7d-a935727d2151,Mercury II,Elementary flows/Emission to air/low population density,kg,elementary,,,
120,false,921df5eb-cde6-40ea-8744-c02746db0a3c,Cyanide,Elementary flows/Emission to air/high population density,kg,elementary,,,
121,true,a0e53510-b90b-43ba-80cc-7600f5da004f,municipal waste incineration facility,F:Construction/42:Civil engineering/429:Construction of other civil engineering projects/4290:Construction of other civil engineering projects,Item(s),product,,,
122,false,8734eb08-50cf-4f5a-8d1a-db76d38efe3c,"TOC, Total Organic Carbon","Elementary flows/Emission to water/ground water, long-term",kg,elementary,,,
123,false,d9008a06-991c-4acc-a33e-5483ffd2491e,Thallium I,Elementary flows/Emission to water/surface water,kg,elementary,,,
124,false,94426df9-63b1-4dc6-ad1b-3509e22f1154,Silver I,"Elementary flows/Emission to water/ground water, long-term",kg,elementary,,,
125,false,b93fc4df-91b2-4ac4-a315-89147515ddfb,Potassium I,"Elementary flows/Emission to water/ground water, long-term",kg,elementary,,,
126,false,6a903634-c97f-4c49-a7c0-88f0e6ac7a23,Lead II,Elementary flows/Emission to air/high population density,kg,elementary,,,
127,true,4b7caf07-335d-4479-a3dc-08b87c156cd0,"sewer grid, 5E9l/year, 110 km",F:Construction/42:Civil engineering/422:Construction of utility projects/4220:Construction of utility projects,m,product,,,
128,false,5d4b497b-d265-42d1-a41a-113785a6d694,Beryllium II,Elementary flows/Emission to air/low population density,kg,elementary,,,
129,false,554be2fb-9bb9-46c6-a4df-46df0d53cb65,Hydrogen sulfide,"Elementary flows/Emission to water/ground water, long-term",kg,elementary,,,
130,false,ef475b50-9cd0-4e7c-9c59-07868fe16e91,Chromium VI,"Elementary flows/Emission to water/ground water, long-term",kg,elementary,,,
131,false,d51e5a32-c20a-4da6-8d58-31f344b50c00,waste graphical paper,"E:Water supply; sewerage, waste management and remediation activities/38:Waste collection, treatment and disposal activities; materials recovery/382:Waste treatment and disposal/3821:Treatment and disposal of non-hazardous waste",kg,waste,,,
132,false,66f50b33-fd62-4fdd-a373-c5b0de7de00d,"Particulate Matter, < 2.5 um",Elementary flows/Emission to air/low population density,kg,elementary,,,
133,false,88cde01c-df69-40bb-9b14-6eac71bea5b8,Copper ion,Elementary flows/Emission to air/high population density,kg,elementary,,,
134,false,9b6d6f07-ebc6-447d-a3c0-f2017d77d852,Iron ion,"Elementary flows/Emission to water/ground water, long-term",kg,elementary,,,
135,false,b3ebdcc3-c588-4997-95d2-9785b26b34e1,Lead II,Elementary flows/Emission to water/surface water,kg,elementary,,,
136,false,960c0f37-f34c-4fc1-b77c-22d8b35fd8d5,"DOC, Dissolved Organic Carbon",Elementary flows/Emission to water/surface water,kg,elementary,,,
137,false,bdce3a7c-e008-4391-be26-285f71a02453,Zinc II,"Elementary flows/Emission to water/ground water, long-term",kg,elementary,,,
138,false,130cedc6-f6ed-4f1b-bd1e-881177f79e74,Ammonium,"Elementary flows/Emission to water/ground water, long-term",kg,elementary,,,
139,false,76152de4-9499-48f7-af98-a5d41842484a,Iron ion,Elementary flows/Emission to air/low population density,kg,elementary,,,
140,true,45fdcba1-32e8-462e-b7a3-932ad3dd761b,"chromium oxide, flakes","C:Manufacturing/20:Manufacture of chemicals and chemical products/201:Manufacture of basic chemicals, fertilizers and nitrogen compounds, plastics/2011:Manufacture of basic chemicals",kg,product,,,
141,false,8c8ffaa5-84ed-4668-ba7d-80fd0f47013f,Arsenic ion,Elementary flows/Emission to water/surface water,kg,elementary,,,
142,false,9798359e-a3ee-4362-a038-23a188582c6e,Nickel II,Elementary flows/Emission to water/surface water,kg,elementary,,,
143,false,544dbea9-1d18-44ff-b92b-7866e3baa6dd,Selenium IV,Elementary flows/Emission to water/surface water,kg,elementary,,,
144,false,7bdab722-11d0-4c42-a099-6f9ed510a44a,Magnesium,Elementary flows/Emission to water/surface water,kg,elementary,,,
145,false,37d35fd0-7f07-4b9b-92eb-de3c27050172,Sulfate,Elementary flows/Emission to water/surface water,kg,elementary,,,
146,false,8216fc31-15a1-4d33-858f-e09650b14c63,Chromium VI,Elementary flows/Emission to water/surface water,kg,elementary,,,
147,false,748f22a9-eba4-4726-bef5-92c7442ce189,Zinc II,Elementary flows/Emission to air/high population density,kg,elementary,,,
148,false,f28ef757-a7d1-3401-96d1-3b087b3693cb,"Sulfur dioxide, CH",Elementary flows/Emission to air/low population density,kg,elementary,,,
149,false,9f69cb8e-51fe-447b-a1ac-4da74de8ebe4,Nickel II,"Elementary flows/Emission to water/ground water, long-term",kg,elementary,,,
150,false,541b633c-17a3-4047-bce6-0c0e4fdb7c10,Zinc II,Elementary flows/Emission to water/surface water,kg,elementary,,,
151,false,725c7923-0ed8-43e5-b485-fad7e34bef08,"DOC, Dissolved Organic Carbon","Elementary flows/Emission to water/ground water, long-term",kg,elementary,,,
152,false,70d467b6-115e-43c5-add2-441de9411348,"BOD5, Biological Oxygen Demand",Elementary flows/Emission to water/surface water,kg,elementary,,,
153,true,45fbbc41-7ae9-46cc-bb31-abfa11e69de0,"heat, for reuse in municipal waste incineration only","E:Water supply; sewerage, waste management and remediation activities/38:Waste collection, treatment and disposal activities; materials recovery/382:Waste treatment and disposal/3821:Treatment and disposal of non-hazardous waste",MJ,product,,,
154,true,1d32d9ef-8f9d-4b72-9d72-ab08b08fa52c,slag landfill,F:Construction/42:Civil engineering/429:Construction of other civil engineering projects/4290:Construction of other civil engineering projects,Item(s),product,,,
155,false,15cfc784-a719-4230-ad2e-f4104d56c427,"Nitrogen, organic bound","Elementary flows/Emission to water/ground water, long-term",kg,elementary,,,
156,false,442511cc-a98b-4242-9229-5736cb9a9399,Molybdenum VI,Elementary flows/Emission to water/surface water,kg,elementary,,,
157,false,997dccfb-6574-46b8-ad93-7f31074abf9a,Silicon,Elementary flows/Emission to air/high population density,kg,elementary,,,
158,false,a912f450-5233-489b-a2e9-8c029fab480f,Calcium,Elementary flows/Emission to air/high population density,kg,elementary,,,
159,false,b0546417-3064-4878-bd6f-2da75cefdf63,Manganese II,Elementary flows/Emission to air/high population density,kg,elementary,,,
160,false,af83b42f-a4e6-4457-be74-46a87798f82a,Cadmium II,Elementary flows/Emission to water/surface water,kg,elementary,,,
161,true,0efdaa40-18e9-4c35-b443-7123307fb358,"process-specific burdens, residual material landfill","E:Water supply; sewerage, waste management and remediation activities/38:Waste collection, treatment and disposal activities; materials recovery/382:Waste treatment and disposal/3822:Treatment and disposal of hazardous waste",kg,product,,,
162,false,1fc409bc-b8e7-48b2-92d5-2ced4aa7bae2,Sodium I,Elementary flows/Emission to water/surface water,kg,elementary,,,
163,false,40f89b03-64f8-466d-9480-bca47d8a435c,Mercury II,"Elementary flows/Emission to water/ground water, long-term",kg,elementary,,,
164,false,32cd0492-c0cb-4898-a2b1-675eedc5b688,Iron ion,Elementary flows/Emission to air/high population density,kg,elementary,,,
165,false,f8f772bc-7204-4fda-aa97-080fd0f1b34c,Titanium ion,Elementary flows/Emission to air/high population density,kg,elementary,,,
166,false,ae70ca6c-807a-482b-9ddc-e449b4893fe3,Nitrogen,Elementary flows/Emission to water/surface water,kg,elementary,,,
167,false,40229ebf-9346-4f20-910a-f8ea3bd88d44,Copper ion,"Elementary flows/Emission to water/ground water, long-term",kg,elementary,,,
168,false,50deb561-3de9-4b25-9b61-1695ad2dd136,Thallium I,Elementary flows/Emission to air/high population density,kg,elementary,,,
169,false,ce88a9b6-0afa-4f68-9b32-8c3438bf4025,Silicon,"Elementary flows/Emission to water/ground water, long-term",kg,elementary,,,
170,true,c614ee4a-ee63-4b51-b129-8a18a5e458fe,iron sulfate,"C:Manufacturing/20:Manufacture of chemicals and chemical products/201:Manufacture of basic chemicals, fertilizers and nitrogen compounds, plastics/2011:Manufacture of basic chemicals",kg,product,,,
171,false,af9793ba-25a1-4928-a14a-4bcf7d5bd3f7,Silver I,Elementary flows/Emission to water/surface water,kg,elementary,,,
172,false,fc2371dc-5bff-41f6-a155-697fbf727b56,Silicon,Elementary flows/Emission to water/surface water,kg,elementary,,,
173,false,0ff15165-d761-48c9-9814-2d1dcdd56857,Lead II,"Elementary flows/Emission to water/ground water, long-term",kg,elementary,,,
174,false,7d3f7498-3596-478a-9fa1-72201ef94082,Molybdenum VI,"Elementary flows/Emission to water/ground water, long-term",kg,elementary,,,
175,false,1727b41d-377e-43cd-bc01-9eaba946eccb,Phosphate,Elementary flows/Emission to water/surface water,kg,elementary,,,
176,false,4d54a415-82d7-49ac-88e1-712bd0009363,Selenium IV,"Elementary flows/Emission to water/ground water, long-term",kg,elementary,,,
177,false,1653bf60-f682-4088-b02d-6dc44eae2786,Potassium I,Elementary flows/Emission to water/surface water,kg,elementary,,,
178,true,c6dd4cd2-cacd-40ed-b2b5-9c54cc21cee6,"process-specific burdens, municipal waste incineration","E:Water supply; sewerage, waste management and remediation activities/38:Waste collection, treatment and disposal activities; materials recovery/382:Waste treatment and disposal/3821:Treatment and disposal of non-hazardous waste",kg,product,,,
179,false,abb7f444-e74a-46b5-a6a5-080a847cbbc5,Strontium,Elementary flows/Emission to air/high population density,kg,elementary,,,
180,false,57bdb443-d4a6-423d-8024-959b8261d02e,"Methane, non-fossil",Elementary flows/Emission to air/low population density,kg,elementary,,,
181,false,e6551223-73b6-4289-b841-c5cdeb25abd9,Selenium IV,Elementary flows/Emission to air/low population density,kg,elementary,,,
182,false,f5d022f1-c26d-4044-ac88-d7c5bbff83c4,Nitrite,"Elementary flows/Emission to water/ground water, long-term",kg,elementary,,,
183,false,6dc1b46f-ee89-4495-95c4-b8a637bcd6cb,Dinitrogen monoxide,Elementary flows/Emission to air/high population density,kg,elementary,,,
184,false,0437e787-ef47-4a50-b11f-df7c743e860c,Magnesium,Elementary flows/Emission to air/low population density,kg,elementary,,,
185,false,4ce23896-a82f-49f1-a8e3-8848734805a3,Cadmium II,"Elementary flows/Emission to water/ground water, long-term",kg,elementary,,,
186,false,e336eee7-148a-4d1c-8027-780cbfafa12b,Copper ion,Elementary flows/Emission to air/low population density,kg,elementary,,,
187,false,19e97bd6-d0ae-4208-bd77-d58e5d46d827,Beryllium II,Elementary flows/Emission to air/high population density,kg,elementary,,,
188,false,890c2697-3463-4466-bebb-aecc1e1e730b,Strontium,Elementary flows/Emission to air/low population density,kg,elementary,,,
189,false,2c872773-0a29-4831-93b9-d49b116fa7d5,Barium II,Elementary flows/Emission to water/surface water,kg,elementary,,,
190,false,15fd8f0f-c3c2-4f63-b8d0-86793a22aacd,Calcium,Elementary flows/Emission to air/low population density,kg,elementary,,,
191,false,6f0b8b7c-3888-4174-b7e3-916d42d678ee,Aluminium III,Elementary flows/Emission to air/high population density,kg,elementary,,,
192,true,2be73167-58e8-4706-a68f-167c80df9f72,"chemical, organic","C:Manufacturing/20:Manufacture of chemicals and chemical products/201:Manufacture of basic chemicals, fertilizers and nitrogen compounds, plastics",kg,product,,,
193,false,7ae3e6e8-75e6-4566-b18f-6d848086c4e5,Fluoride,"Elementary flows/Emission to water/ground water, long-term",kg,elementary,,,
194,false,b10faa87-2c1d-4f6e-aa65-9f80b376939a,Cobalt II,Elementary flows/Emission to air/low population density,kg,elementary,,,
195,false,e2d58f90-9aac-4ac4-87f7-bbd6cfc358e3,Cadmium II,Elementary flows/Emission to air/low population density,kg,elementary,,,
196,false,a79be2ee-ac83-4328-a136-a34ba1f99089,Selenium IV,Elementary flows/Emission to air/high population density,kg,elementary,,,
197,false,ce9fd912-233a-4807-a33e-0323b1e4a7a2,Magnesium,"Elementary flows/Emission to water/ground water, long-term",kg,elementary,,,
198,false,3d719c07-ec27-4971-b7cc-4bcf17d77dd3,Sodium,Elementary flows/Emission to air/low population density,kg,elementary,,,
199,false,5e050fab-1837-4c42-b597-ed2f376f768f,Chloride,Elementary flows/Emission to water/surface water,kg,elementary,,,
200,false,fb83d61e-6fe3-4da7-8eb2-b0e2dc85a76d,Sodium I,"Elementary flows/Emission to water/ground water, long-term",kg,elementary,,,
201,false,6edcc2df-88a3-48e1-83d8-ffc38d31c35b,"Carbon monoxide, fossil",Elementary flows/Emission to air/high population density,kg,elementary,,,
202,false,5f7aad3d-566c-4d0d-ad59-e765f971aa0f,"Methane, fossil",Elementary flows/Emission to air/high population density,kg,elementary,,,
203,true,006863b7-d736-4eb6-bbf8-648d292184ad,"building, multi-storey",F:Construction/41:Construction of buildings/410:Construction of buildings/4100:Construction of buildings,m3,product,,,
204,true,7aaf6060-f9b7-43bb-8aee-06aecf386798,"building, hall, steel construction",F:Construction/41:Construction of buildings/410:Construction of buildings/4100:Construction of buildings,m2,product,,,
205,false,15442876-adcd-4acd-8f5b-bfca7ecab125,electronics scrap from control units,"E:Water supply; sewerage, waste management and remediation activities/38:Waste collection, treatment and disposal activities; materials recovery/383:Materials recovery/3830:Materials recovery",kg,waste,,,
206,true,245732f4-a5ce-4881-816b-a207ba8df4c8,"electronics, for control units","C:Manufacturing/27:Manufacture of electrical equipment/271:Manufacture of electric motors, generators, transformers and electricity distribution and control apparatus/2710:Manufacture of electric motors, generators, transformers and electricity di",kg,product,,,
207,true,5911b1c9-b3ad-4e6e-893a-137262ad4f95,"road, company, internal",F:Construction/42:Civil engineering/421:Construction of roads and railways/4210:Construction of roads and railways,m2*a,product,,,
208,false,1b30b018-ac39-41f4-a9e0-92057eef8bb8,waste mineral oil,"E:Water supply; sewerage, waste management and remediation activities/38:Waste collection, treatment and disposal activities; materials recovery/382:Waste treatment and disposal/3822:Treatment and disposal of hazardous waste",kg,waste,,,
209,false,ec8144d6-d123-43b1-9c17-a295422a0498,Copper ion,Elementary flows/Emission to air/unspecified,kg,elementary,,,
210,false,b967e1bf-f09b-4c89-8740-ace21db47bba,"Particulate Matter, > 2.5 um and < 10um",Elementary flows/Emission to air/unspecified,kg,elementary,,,
211,false,fd7aa71c-508c-480d-81a6-8052aad92646,Sulfur dioxide,Elementary flows/Emission to air/unspecified,kg,elementary,,,
212,false,082903e4-45d8-4078-94cb-736b15279277,"Dioxins, measured as 2,3,7,8-tetrachlorodibenzo-p-dioxin",Elementary flows/Emission to air/unspecified,kg,elementary,,,
213,true,ea75b944-c676-4a13-85b8-2bea98f765a4,lubricating oil,C:Manufacturing/19:Manufacture of coke and refined petroleum products/192:Manufacture of refined petroleum products/1920:Manufacture of refined petroleum products,kg,product,,,
214,false,e142b577-e934-4085-9a07-3983d4d92afb,Chromium III,Elementary flows/Emission to air/unspecified,kg,elementary,,,
215,false,a5506f4b-113f-4713-95c3-c819dde6e48b,Nickel II,Elementary flows/Emission to air/unspecified,kg,elementary,,,
216,false,454c61fd-c52b-4a04-9731-f141bb7b5264,Selenium IV,Elementary flows/Emission to air/unspecified,kg,elementary,,,
217,false,5ce378a0-b48d-471c-977d-79681521efde,Zinc II,Elementary flows/Emission to air/unspecified,kg,elementary,,,
218,false,5e13c2ab-5466-4ff5-816d-702dfdf25f76,Benzo(a)pyrene,Elementary flows/Emission to air/unspecified,kg,elementary,,,
219,true,291fc06d-1b3e-4077-aabb-346b588ed24b,diesel,C:Manufacturing/19:Manufacture of coke and refined petroleum products/192:Manufacture of refined petroleum products/1920:Manufacture of refined petroleum products,kg,product,,,
220,false,c1b91234-6f24-417b-8309-46111d09c457,Nitrogen oxides,Elementary flows/Emission to air/unspecified,kg,elementary,,,
221,false,21e46cb8-6233-4c99-bac3-c41d2ab99498,"Particulate Matter, < 2.5 um",Elementary flows/Emission to air/unspecified,kg,elementary,,,
222,true,1ad0b61c-f2b8-450c-b09b-445427a193f0,hydraulic digger,"C:Manufacturing/28:Manufacture of machinery and equipment n.e.c./282:Manufacture of special-purpose machinery/2824:Manufacture of machinery for mining, quarrying and construction",Item(s),product,,,
223,false,66020d27-7ae4-4e59-83a3-89214b72c40a,"Particulate Matter, > 10 um",Elementary flows/Emission to air/unspecified,kg,elementary,,,
224,false,3e5d7d91-67d7-4afb-91dd-36fab58e4685,"PAH, polycyclic aromatic hydrocarbons",Elementary flows/Emission to air/unspecified,kg,elementary,,,
225,false,1c5a7322-9261-4d59-a692-adde6c12de92,Cadmium II,Elementary flows/Emission to air/unspecified,kg,elementary,,,
226,false,0795345f-c7ae-410c-ad25-1845784c75f5,"Methane, fossil",Elementary flows/Emission to air/unspecified,kg,elementary,,,
227,false,349b29d1-3e58-4c66-98b9-9d1a076efd2e,"Carbon dioxide, fossil",Elementary flows/Emission to air/unspecified,kg,elementary,,,
228,false,87883a4e-1e3e-4c9d-90c0-f1bea36f8014,Ammonia,Elementary flows/Emission to air/unspecified,kg,elementary,,,
229,false,20185046-64bb-4c09-a8e7-e8a9e144ca98,Dinitrogen monoxide,Elementary flows/Emission to air/unspecified,kg,elementary,,,
230,false,ba2f3f82-c93a-47a5-822a-37ec97495275,"Carbon monoxide, fossil",Elementary flows/Emission to air/unspecified,kg,elementary,,,
231,false,d3260d0e-8203-4cbb-a45a-6a13131a5108,"NMVOC, non-methane volatile organic compounds",Elementary flows/Emission to air/unspecified,kg,elementary,,,
232,true,26f457d5-9138-4502-a0b5-a3726ca8efa6,conveyor belt,C:Manufacturing/28:Manufacture of machinery and equipment n.e.c./281:Manufacture of general-purpose machinery/2816:Manufacture of lifting and handling equipment,m,product,,,
233,true,4cc87eb6-20a4-4968-ab90-6d344d46755d,"industrial machine, heavy, unspecified","C:Manufacturing/28:Manufacture of machinery and equipment n.e.c./282:Manufacture of special-purpose machinery/2824:Manufacture of machinery for mining, quarrying and construction",kg,product,,,
234,true,d72638dc-71b8-4c4f-b5c7-72cbe6bdd145,"building, hall",F:Construction/41:Construction of buildings/410:Construction of buildings/4100:Construction of buildings,m2,product,,,
235,true,eee95138-58c8-4172-9b1f-754ba074325d,"concrete, normal strength","C:Manufacturing/23:Manufacture of other non-metallic mineral products/239:Manufacture of non-metallic mineral products n.e.c./2395:Manufacture of articles of concrete, cement and plaster",m3,product,,,
236,false,bfd577e2-82b4-4166-af2b-3bda540931f6,waste mineral wool,"E:Water supply; sewerage, waste management and remediation activities/38:Waste collection, treatment and disposal activities; materials recovery/383:Materials recovery/3830:Materials recovery",kg,waste,,,
237,true,751b5ee2-aa63-456c-8d7d-1af517fb7032,"stone wool, packed",C:Manufacturing/23:Manufacture of other non-metallic mineral products/239:Manufacture of non-metallic mineral products n.e.c./2399:Manufacture of other non-metallic mineral products n.e.c.,kg,product,,,
238,true,102d2161-b570-42cd-b646-1c44e47d23c5,glass fibre,C:Manufacturing/23:Manufacture of other non-metallic mineral products/231:Manufacture of glass and glass products/2310:Manufacture of glass and glass products,kg,product,,,
239,false,b28cfd95-443c-4abd-887d-8aec49e2b764,waste bitumen sheet,"E:Water supply; sewerage, waste management and remediation activities/38:Waste collection, treatment and disposal activities; materials recovery/382:Waste treatment and disposal/3821:Treatment and disposal of non-hazardous waste",kg,waste,,,
240,true,2c126bcc-bb63-4d63-bd72-f02a1e616809,"Transformation, from pasture, man made",Elementary flows/Resource/land,m2,elementary,,,
241,true,64cea105-f89a-4f95-ae44-84ff904a28fc,"limestone, crushed, washed","B:Mining and quarrying/08:Other mining and quarrying/081:Quarrying of stone, sand and clay/0810:Quarrying of stone, sand and clay",kg,product,,,
242,true,579049d0-3db8-4496-a234-2f61ed28a72b,"extrusion, plastic film",C:Manufacturing/22:Manufacture of rubber and plastics products/222:Manufacture of plastics products/2220:Manufacture of plastics products,kg,product,,,
243,true,3fdbecc2-bb86-4c4b-8f5c-7b80e5e365c8,"concrete, 25MPa","C:Manufacturing/23:Manufacture of other non-metallic mineral products/239:Manufacture of non-metallic mineral products n.e.c./2395:Manufacture of articles of concrete, cement and plaster",m3,product,,,
244,false,5bf224ae-3af5-4eb2-9493-330c16472ca2,waste polyethylene/polypropylene product,"E:Water supply; sewerage, waste management and remediation activities/38:Waste collection, treatment and disposal activities; materials recovery/382:Waste treatment and disposal/3821:Treatment and disposal of non-hazardous waste",kg,waste,,,
245,false,1c17413f-82b0-4ddb-beef-63854b1a8e1f,"waste bulk iron, excluding reinforcement","E:Water supply; sewerage, waste management and remediation activities/38:Waste collection, treatment and disposal activities; materials recovery/383:Materials recovery/3830:Materials recovery",kg,waste,,,
246,true,a42347d2-09f1-405e-95dd-bf6ac03765d8,"Transformation, to traffic area, road network",Elementary flows/Resource/land,m2,elementary,,,
247,true,d67e647c-1f74-4961-81c0-5b144f1ca082,"excavation, skid-steer loader",F:Construction/43:Specialized construction activities/431:Demolition and site preparation/4312:Site preparation,m3,product,,,
248,true,26efe47c-92a5-4dea-b4d0-eac13e418a58,"Occupation, traffic area, road network",Elementary flows/Resource/land,m2*a,elementary,,,
249,true,450202ff-b0c8-481b-9a58-d49af06cdb1b,"chipper, stationary, electric",C:Manufacturing/28:Manufacture of machinery and equipment n.e.c./282:Manufacture of special-purpose machinery/2821:Manufacture of agricultural and forestry machinery,Item(s),product,,,
250,false,70ef743b-3ed5-4a6d-b192-fb6d62378555,"Methane, fossil",Elementary flows/Emission to air/low population density,kg,elementary,,,
251,false,a46a250e-297d-43e9-b1c4-052cdcfb79c5,Vanadium V,Elementary flows/Emission to water/surface water,kg,elementary,,,
252,false,099b36ab-4c03-4587-87f4-2f81e337afb8,"Carbon monoxide, fossil",Elementary flows/Emission to air/low population density,kg,elementary,,,
253,false,60a6702f-20ad-444f-a6df-f6374f1e3183,Tin ion,"Elementary flows/Emission to water/ground water, long-term",kg,elementary,,,
254,false,3ddb2e36-bc1b-43a5-8ef4-cbcdbeeeea70,Tin ion,Elementary flows/Emission to water/surface water,kg,elementary,,,
255,false,20bc9500-2e2f-4cba-9332-8ea17d362aba,Bromine,"Elementary flows/Emission to water/ground water, long-term",kg,elementary,,,
256,false,2cba713d-ab0b-44cb-babb-f8cac262554f,Vanadium V,Elementary flows/Emission to air/high population density,kg,elementary,,,
257,false,f9749677-9c9f-4678-ab55-c607dfdc2cb9,"Carbon dioxide, fossil",Elementary flows/Emission to air/high population density,kg,elementary,,,
258,false,bac53020-1fed-4119-9242-33e4a2597560,Bromine,Elementary flows/Emission to water/surface water,kg,elementary,,,
259,false,f563b90e-a300-4403-b278-d2fdcd73e5a7,Tin ion,Elementary flows/Emission to air/low population density,kg,elementary,,,
260,false,481c0dd4-3ab2-47b5-94c4-b990e8a9dde5,Vanadium V,Elementary flows/Emission to air/low population density,kg,elementary,,,
261,false,aa7cac3a-3625-41d4-bc54-33e2cf11ec46,"Carbon dioxide, fossil",Elementary flows/Emission to air/low population density,kg,elementary,,,
262,false,41dbbe1f-06e1-4a34-8497-5986be8f9e51,Vanadium V,"Elementary flows/Emission to water/ground water, long-term",kg,elementary,,,
263,false,d32f9dd8-9514-4c22-8c99-2e108609731f,Bromine,Elementary flows/Emission to air/low population density,kg,elementary,,,
264,false,19b6e569-85a4-4ea9-a590-d61a21e3c846,Tin ion,Elementary flows/Emission to air/high population density,kg,elementary,,,
265,false,39946c56-cdf6-4a22-9ac9-1cd333b65533,Toluene,Elementary flows/Emission to air/high population density,kg,elementary,,,
266,false,237a5f15-8119-472a-8988-88b7ecb42405,"Dioxins, measured as 2,3,7,8-tetrachlorodibenzo-p-dioxin",Elementary flows/Emission to air/high population density,kg,elementary,,,
267,false,ccb169c3-8aae-4727-89bb-a7dd122946f3,"Particulate Matter, > 2.5 um and < 10um",Elementary flows/Emission to air/high population density,kg,elementary,,,
268,false,c75dd699-08a5-4215-acf5-e618995e768f,"Benzene, pentachloro-",Elementary flows/Emission to air/high population density,kg,elementary,,,
269,false,1af44724-172c-462b-b277-bb4b2fd32c33,"Benzene, hexachloro-",Elementary flows/Emission to air/high population density,kg,elementary,,,
270,false,1bb6a502-3ff9-4a79-835c-5588b855f1f5,Benzene,Elementary flows/Emission to air/high population density,kg,elementary,,,
271,false,230d8a0a-517c-43fe-8357-1818dd12997a,"Particulate Matter, < 2.5 um",Elementary flows/Emission to air/high population density,kg,elementary,,,
272,false,08b928d8-1812-4e0b-b057-4bcaaba24865,"Phenol, pentachloro-",Elementary flows/Emission to air/high population density,kg,elementary,,,
273,false,2cbb504a-ce2f-40e9-9d38-e130e95a1242,Benzo(a)pyrene,Elementary flows/Emission to air/high population density,kg,elementary,,,
274,true,17a5a406-333f-4b9e-8852-c2de50bc9585,"Transformation, from shrub land, sclerophyllous",Elementary flows/Resource/land,m2,elementary,,,
275,true,bba9f623-5919-4ef3-b98d-c94af1553179,"Transformation, to forest, unspecified",Elementary flows/Resource/land,m2,elementary,,,
276,true,9089d7ad-09b1-4174-a188-8844ebde2d5d,"Transformation, to shrub land, sclerophyllous",Elementary flows/Resource/land,m2,elementary,,,
277,true,c199261c-8234-43c5-b906-5b67707e4395,"Occupation, shrub land, sclerophyllous",Elementary flows/Resource/land,m2*a,elementary,,,
278,true,1eaa9ea4-40b8-414a-b198-5626400372e1,"Occupation, dump site",Elementary flows/Resource/land,m2*a,elementary,,,
279,true,1a568858-efa8-4c2a-b46e-82b6e66b6072,"Transformation, to dump site, sanitary landfill",Elementary flows/Resource/land,m2,elementary,,,
280,true,b79e26a0-88db-441f-b79b-508506e81b93,"Transformation, from dump site, sanitary landfill",Elementary flows/Resource/land,m2,elementary,,,
281,true,70aa745b-8bc5-4433-b2f5-d1da652ba166,"Occupation, urban/industrial fallow (non-use)",Elementary flows/Resource/land,m2*a,elementary,,,
282,false,152e5a83-96e8-4f54-af42-4f0925a771ac,"Heat, waste",Elementary flows/Emission to water/surface water,MJ,elementary,,,
283,true,9ba48284-0f03-4fec-800d-de77833b12f6,reinforcing steel,C:Manufacturing/24:Manufacture of basic metals/241:Manufacture of basic iron and steel/2410:Manufacture of basic iron and steel,kg,product,,,
284,false,90642509-fb39-4552-a66d-7b48ba99d231,"sewage sludge, 70% water, WWT, WW from glass production","E:Water supply; sewerage, waste management and remediation activities/38:Waste collection, treatment and disposal activities; materials recovery/382:Waste treatment and disposal/3821:Treatment and disposal of non-hazardous waste",kg,waste,,,
285,false,9a8c2994-7cbb-4d86-a1b7-27fc0c4e49e3,waste reinforcement steel,"E:Water supply; sewerage, waste management and remediation activities/38:Waste collection, treatment and disposal activities; materials recovery/383:Materials recovery/3830:Materials recovery",kg,waste,,,
286,true,947a85fa-114e-4d9e-b36c-3293e48ea5ae,"polyethylene, low density, granulate","C:Manufacturing/20:Manufacture of chemicals and chemical products/201:Manufacture of basic chemicals, fertilizers and nitrogen compounds, plastics/2013:Manufacture of plastics and synthetic rubber in primary forms",kg,product,,,
287,true,cc0d4252-6207-41d6-8567-bcbad58a7bef,"copper scrap, sorted, pressed","E:Water supply; sewerage, waste management and remediation activities/38:Waste collection, treatment and disposal activities; materials recovery/381:Waste collection/3811:Collection of non-hazardous waste",kg,product,,,
288,false,842824f6-b139-4f06-ae9c-81cce8d99e81,"Water, CH",Elementary flows/Emission to water/surface water,m3,elementary,,,
289,false,cf9f6cf8-9a1a-3a22-b742-c9f1e15d7b61,"Sulfur dioxide, CH",Elementary flows/Emission to air/high population density,kg,elementary,,,
290,false,9f06c90c-695e-4f14-93d4-26e12d9e3d4c,"sewage sludge, 97% water, WWT, WW from glass production","E:Water supply; sewerage, waste management and remediation activities/38:Waste collection, treatment and disposal activities; materials recovery/382:Waste treatment and disposal/3821:Treatment and disposal of non-hazardous waste",kg,waste,,,
291,true,858164b0-44f1-4118-b6cb-47054faa21ef,"aluminium scrap, post-consumer, prepared for melting","E:Water supply; sewerage, waste management and remediation activities/38:Waste collection, treatment and disposal activities; materials recovery/383:Materials recovery/3830:Materials recovery",kg,product,,,
292,false,09872080-d143-4fb1-a3a5-647b077107ff,Water,Elementary flows/Emission to air/low population density,m3,elementary,,,
293,false,afd6d670-bbb0-4625-9730-04088a5b035e,Dinitrogen monoxide,Elementary flows/Emission to air/low population density,kg,elementary,,,
294,false,d3fe6705-5f5c-4961-b14d-0f9dd0e90e34,waste bitumen,"E:Water supply; sewerage, waste management and remediation activities/38:Waste collection, treatment and disposal activities; materials recovery/382:Waste treatment and disposal/3821:Treatment and disposal of non-hazardous waste",kg,waste,,,
295,true,4f312355-ac65-4635-8fb2-006dba64ce60,"iron scrap, sorted, pressed","E:Water supply; sewerage, waste management and remediation activities/38:Waste collection, treatment and disposal activities; materials recovery/383:Materials recovery/3830:Materials recovery",kg,product,,,
296,true,b685192a-e033-421e-9074-8fe7cb176046,"polyethylene, high density, granulate","C:Manufacturing/20:Manufacture of chemicals and chemical products/201:Manufacture of basic chemicals, fertilizers and nitrogen compounds, plastics/2013:Manufacture of plastics and synthetic rubber in primary forms",kg,product,,,
297,true,406ae9de-8894-4c8b-a601-40b7e849b66d,"extrusion, plastic pipes",C:Manufacturing/22:Manufacture of rubber and plastics products/222:Manufacture of plastics products/2220:Manufacture of plastics products,kg,product,,,
298,true,c5246dbb-0abd-4bee-8dda-d52a1b202322,"steel, chromium steel 18/8, hot rolled",C:Manufacturing/24:Manufacture of basic metals/241:Manufacture of basic iron and steel/2410:Manufacture of basic iron and steel,kg,product,,,
299,false,b411ec8b-c60a-4235-a3b2-8bf8443cbc55,"Heat, waste",Elementary flows/Emission to air/high population density,MJ,elementary,,,
300,true,af01e564-f816-4906-bd4f-b7c932f926b9,Oxygen,Elementary flows/Resource/in air,kg,elementary,,,
301,false,07f704a2-2746-4364-bcfd-606cefc30715,"Heat, waste",Elementary flows/Emission to air/low population density,MJ,elementary,,,
302,false,240c1a3c-1aba-4528-afc3-3f27f56583be,"inert waste, for final disposal","E:Water supply; sewerage, waste management and remediation activities/38:Waste collection, treatment and disposal activities; materials recovery/382:Waste treatment and disposal/3821:Treatment and disposal of non-hazardous waste",kg,waste,,,
303,false,5d368100-b1bc-4456-8420-e469edccf349,Water,Elementary flows/Emission to air/high population density,m3,elementary,,,
304,true,e7a17355-8575-4be4-8c51-85e38b19b3f3,pitch,C:Manufacturing/19:Manufacture of coke and refined petroleum products/192:Manufacture of refined petroleum products/1920:Manufacture of refined petroleum products,kg,product,,,
305,true,c5adb1fb-872e-4446-a3bb-c4b61aa4bd45,tap water,"E:Water supply; sewerage, waste management and remediation activities/36:Water collection, treatment and supply/360:Water collection, treatment and supply/3600:Water collection, treatment and supply",kg,product,,,
306,true,f157b88d-f288-473c-8b03-0f97b58235ff,"Transformation, to urban/industrial fallow (non-use)",Elementary flows/Resource/land,m2,elementary,,,
307,true,a430f433-cdc8-45be-ace2-32a634634d3b,"aluminium, cast alloy",C:Manufacturing/24:Manufacture of basic metals/242:Manufacture of basic precious and other non-ferrous metals/2420:Manufacture of basic precious and other non-ferrous metals,kg,product,,,
308,true,fbb039f7-f9cc-46d2-b631-313ddb125c1a,"copper, cathode",C:Manufacturing/24:Manufacture of basic metals/242:Manufacture of basic precious and other non-ferrous metals/2420:Manufacture of basic precious and other non-ferrous metals,kg,product,,,
309,true,29f75a6a-e5cd-40f6-8f84-797deb0ef98c,polyacrylamide,"C:Manufacturing/20:Manufacture of chemicals and chemical products/201:Manufacture of basic chemicals, fertilizers and nitrogen compounds, plastics/2011:Manufacture of basic chemicals",kg,product,,,
310,true,1768722c-0cb1-4b0b-9183-2ff16919120e,"polyvinylchloride, bulk polymerised","C:Manufacturing/20:Manufacture of chemicals and chemical products/201:Manufacture of basic chemicals, fertilizers and nitrogen compounds, plastics/2013:Manufacture of plastics and synthetic rubber in primary forms",kg,product,,,
311,true,cfbce515-3f54-4411-ad9d-3d26b7faa15a,"transport, freight, lorry, unspecified",H:Transportation and storage/49:Land transport and transport via pipelines/492:Other land transport/4923:Freight transport by road,t*km,product,,,
312,false,dca43ede-b779-47a7-b2e7-cb4e7b12c3da,"Heat, waste","Elementary flows/Emission to water/ground water, long-term",MJ,elementary,,,
313,true,71e2f1db-a2c5-44d0-8337-dfff15be974d,"heat, district or industrial, other than natural gas","D:Electricity, gas, steam and air conditioning supply/35:Electricity, gas, steam and air conditioning supply/353:Steam and air conditioning supply/3530:Steam and air conditioning supply",MJ,product,,,
314,true,66ca2f38-5e51-4546-83c0-d7cef0c55c7c,"polypropylene, granulate","C:Manufacturing/20:Manufacture of chemicals and chemical products/201:Manufacture of basic chemicals, fertilizers and nitrogen compounds, plastics/2013:Manufacture of plastics and synthetic rubber in primary forms",kg,product,,,
315,true,4447af36-0897-4b00-8fd0-fd6a446dda6a,cast iron,C:Manufacturing/24:Manufacture of basic metals/241:Manufacture of basic iron and steel/2410:Manufacture of basic iron and steel,kg,product,,,
316,false,1eb1b94c-e9d8-47ab-969b-9cca920157d8,"Particulate Matter, > 10 um",Elementary flows/Emission to air/high population density,kg,elementary,,,
317,false,ed8da356-ed40-4a35-8de4-57aee1d3c279,Xylene,Elementary flows/Emission to air/high population density,kg,elementary,,,
318,true,350765c0-a00b-41ef-b824-c603077e82d2,road,F:Construction/42:Civil engineering/421:Construction of roads and railways/4210:Construction of roads and railways,m*a,product,,,
319,false,27da8130-82ba-485c-a800-b89efdcb0491,municipal solid waste,"E:Water supply; sewerage, waste management and remediation activities/38:Waste collection, treatment and disposal activities; materials recovery/382:Waste treatment and disposal/3821:Treatment and disposal of non-hazardous waste",kg,waste,,,
320,true,7fdc928c-f347-45e7-82d7-046acdf878ae,"Transformation, from dump site, residual material landfill",Elementary flows/Resource/land,m2,elementary,,,
321,true,8f5c8cb3-dccd-45da-9f1f-d1c61cd789c3,"Transformation, to dump site, residual material landfill",Elementary flows/Resource/land,m2,elementary,,,
322,true,9d63da75-8289-4b96-a900-67ec3bd40a16,sulfuric acid,"C:Manufacturing/20:Manufacture of chemicals and chemical products/201:Manufacture of basic chemicals, fertilizers and nitrogen compounds, plastics/2012:Manufacture of fertilizers and nitrogen compounds",kg,product,,,
323,true,198f9bb6-4268-4609-b85f-3f90f0d26d6d,"paper, woodfree, uncoated","C:Manufacturing/17:Manufacture of paper and paper products/170:Manufacture of paper and paper products/1701:Manufacture of pulp, paper and paperboard",kg,product,,,
324,false,580b6c42-5004-49a0-b474-27dc65e0d47b,"waste building wood, chrome preserved","E:Water supply; sewerage, waste management and remediation activities/38:Waste collection, treatment and disposal activities; materials recovery/382:Waste treatment and disposal/3821:Treatment and disposal of non-hazardous waste",kg,waste,,,
325,true,84925dd9-d7ca-50b6-950e-0bbb739e0109,"glued laminated timber, MUF-glue","C:Manufacturing/16:Manufacture of wood and of products of wood and cork, except furniture; manufacture of articles of straw and plaiting materials/162:Manufacture of products of wood, cork, straw and plaiting materials/1621:Manufacture of veneer sheets and wood-based panels",m3,product,,,
326,true,6eabd178-3f87-5399-a0e9-1875d44bfe28,"glued laminated timber, PUR-glue","C:Manufacturing/16:Manufacture of wood and of products of wood and cork, except furniture; manufacture of articles of straw and plaiting materials/162:Manufacture of products of wood, cork, straw and plaiting materials/1621:Manufacture of veneer sheets and wood-based panels",m3,product,,,
327,true,cdb7b939-f508-49ed-80f3-b39f6137fe1c,"wire drawing, copper",C:Manufacturing/24:Manufacture of basic metals/242:Manufacture of basic precious and other non-ferrous metals/2420:Manufacture of basic precious and other non-ferrous metals,kg,product,,,
328,true,e8a51ec1-60cb-4ead-a948-ad1142c61918,"wastewater, average","E:Water supply; sewerage, waste management and remediation activities/37:Sewerage/370:Sewerage/3700:Sewerage",m3,waste,,,
329,false,71234253-b3a7-4dfe-b166-a484ad15bee7,Mercury II,Elementary flows/Emission to air/unspecified,kg,elementary,,,
330,false,ca8ec222-fdaa-4c97-849e-130f1256593f,"used lorry, 16 metric ton","E:Water supply; sewerage, waste management and remediation activities/38:Waste collection, treatment and disposal activities; materials recovery/383:Materials recovery/3830:Materials recovery",Item(s),waste,,,
331,true,e2f62697-57d4-42fe-95bf-c85fd32a9cf0,"sheet rolling, steel",C:Manufacturing/24:Manufacture of basic metals/241:Manufacture of basic iron and steel/2410:Manufacture of basic iron and steel,kg,product,,,
332,true,e36aa595-9fc6-4eff-8f34-a9b11f460762,"acetic acid, without water, in 98% solution state","C:Manufacturing/20:Manufacture of chemicals and chemical products/201:Manufacture of basic chemicals, fertilizers and nitrogen compounds, plastics/2011:Manufacture of basic chemicals",kg,product,,,
333,true,b055cb73-3656-4bb2-b53c-928352e1e8ac,"lime, hydrated, packed","C:Manufacturing/23:Manufacture of other non-metallic mineral products/239:Manufacture of non-metallic mineral products n.e.c./2394:Manufacture of cement, lime and plaster",kg,product,,,
334,true,68db7412-ba35-488b-8a45-9a9f48448522,"nitric acid, without water, in 50% solution state","C:Manufacturing/20:Manufacture of chemicals and chemical products/201:Manufacture of basic chemicals, fertilizers and nitrogen compounds, plastics/2012:Manufacture of fertilizers and nitrogen compounds",kg,product,,,
335,false,5c234628-ab1e-4284-ae2b-f1c2f6883f71,Xylene,Elementary flows/Emission to air/unspecified,kg,elementary,,,
336,true,fb4bb128-084e-4da3-8227-2ef8ad95da13,"alkyd paint, white, without solvent, in 60% solution state","C:Manufacturing/20:Manufacture of chemicals and chemical products/202:Manufacture of other chemical products/2022:Manufacture of paints, varnishes and similar coatings, printing ink and mas",kg,product,,,
337,false,4480eb6b-6961-32d2-bd44-4f4f4c5a8aaa,"Water, RoW",Elementary flows/Emission to water/unspecified,m3,elementary,,,
338,false,961ccd56-2eee-4f57-bb18-fc4362b49000,"COD, Chemical Oxygen Demand",Elementary flows/Emission to water/unspecified,kg,elementary,,,
339,false,79607917-9e12-4292-b289-21ff2b36e04b,"DOC, Dissolved Organic Carbon",Elementary flows/Emission to water/unspecified,kg,elementary,,,
340,true,a57d2939-1c24-4862-a213-e36319eebad3,road vehicle factory,F:Construction/41:Construction of buildings/410:Construction of buildings/4100:Construction of buildings,Item(s),product,,,
341,true,8aa5cd19-c1ca-49f1-8efb-c7a28f5ad71f,"section bar rolling, steel",C:Manufacturing/24:Manufacture of basic metals/241:Manufacture of basic iron and steel/2410:Manufacture of basic iron and steel,kg,product,,,
342,false,b213e655-7359-4519-a362-5a43dc35183f,wastewater from lorry production,"E:Water supply; sewerage, waste management and remediation activities/37:Sewerage/370:Sewerage/3700:Sewerage",m3,waste,,,
343,false,cec4a04d-562a-4a38-a98f-5fb3d07eea6b,"TOC, Total Organic Carbon",Elementary flows/Emission to water/unspecified,kg,elementary,,,
344,false,91955aba-6ebc-4413-9342-f0298860b4aa,"BOD5, Biological Oxygen Demand",Elementary flows/Emission to water/unspecified,kg,elementary,,,
345,false,28999907-a8a7-45b3-857e-836495ca2aa0,Benzene,Elementary flows/Emission to air/unspecified,kg,elementary,,,
346,true,67c40aae-d403-464d-9649-c12695e43ad8,"Water, well, in ground",Elementary flows/Resource/in water,m3,elementary,,,
347,false,8e123669-94d3-41d8-9480-a79211fe7c43,Lead II,Elementary flows/Emission to air/unspecified,kg,elementary,,,
348,false,3b1ecf8e-1d2c-4330-81da-a79f9068976d,Toluene,Elementary flows/Emission to air/unspecified,kg,elementary,,,
349,false,35357464-0d86-4bbd-940f-7d0dd8e5df57,Benzo(b)fluoranthene,Elementary flows/Emission to air/unspecified,kg,elementary,,,
350,false,5064da53-d4ec-44ee-ba23-b20a4f8c4964,Butadiene,Elementary flows/Emission to air/unspecified,kg,elementary,,,
351,false,88ef28f1-cfd5-44a0-ac34-01acf2db84a0,"Benzene, ethyl-",Elementary flows/Emission to air/unspecified,kg,elementary,,,
352,false,555aed47-6c62-4cbe-b9b8-d01229284c8a,Propanal,Elementary flows/Emission to air/unspecified,kg,elementary,,,
353,false,8b48b5cf-853c-4970-840d-5d9c5fb3caac,Pyrene,Elementary flows/Emission to air/unspecified,kg,elementary,,,
354,false,3df4c2f4-c854-4493-b514-f2f3accdc307,Naphthalene,Elementary flows/Emission to air/unspecified,kg,elementary,,,
355,false,dbe2c062-5692-4282-aa6c-e75f4d718077,Fluorene,Elementary flows/Emission to air/unspecified,kg,elementary,,,
356,false,4db9bb53-4bdd-4f32-a6a8-521f58c5825c,Benz(a)anthracene,Elementary flows/Emission to air/unspecified,kg,elementary,,,
357,false,23a4dfc7-c82e-4425-abf6-0195f78f3363,"Dibenz(a,h)anthracene",Elementary flows/Emission to air/unspecified,kg,elementary,,,
358,false,e3e8f6a2-c45e-4685-9859-698b2eadaf5b,Acetaldehyde,Elementary flows/Emission to air/unspecified,kg,elementary,,,
359,false,a861cfae-a310-4e9d-b9eb-5d555c9a684c,Formaldehyde,Elementary flows/Emission to air/unspecified,kg,elementary,,,
360,false,e0346157-1f0e-4bf9-b234-78fead761e18,Acenaphthylene,Elementary flows/Emission to air/unspecified,kg,elementary,,,
361,false,81e17d9a-3e0b-414e-9b2e-eca7e5b3bd4a,Chromium VI,Elementary flows/Emission to air/unspecified,kg,elementary,,,
362,false,5e98fd60-8da0-4006-9729-4d2797f96302,"2,2,4-Trimethyl pentane",Elementary flows/Emission to air/unspecified,kg,elementary,,,
363,false,895fa803-ad56-4b1d-a37b-23a9135ce26a,Phenanthrene,Elementary flows/Emission to air/unspecified,kg,elementary,,,
364,false,cc5f1637-8aa5-442f-a8c6-43c8739944a0,Benzo(k)fluoranthene,Elementary flows/Emission to air/unspecified,kg,elementary,,,
365,true,cc89e7ae-ea0e-4850-9799-b2143f1115fc,building machine,"C:Manufacturing/28:Manufacture of machinery and equipment n.e.c./282:Manufacture of special-purpose machinery/2824:Manufacture of machinery for mining, quarrying and construction",Item(s),product,,,
366,false,d896ced7-a107-4017-b284-d95a8ef3e735,Acrolein,Elementary flows/Emission to air/unspecified,kg,elementary,,,
367,false,8e30c990-5ed4-4f94-9d0e-2f5e4ff1a1f9,Ethane,Elementary flows/Emission to air/unspecified,kg,elementary,,,
368,false,295060ba-3c3d-45e4-99ca-e17b1204b553,Manganese II,Elementary flows/Emission to air/unspecified,kg,elementary,,,
369,false,fc840c3f-dbcd-4175-9bc2-7fba64501e39,Anthracene,Elementary flows/Emission to air/unspecified,kg,elementary,,,
370,false,0605e241-ce98-4c10-8c61-d0a1775cdcb0,Benzo(ghi)perylene,Elementary flows/Emission to air/unspecified,kg,elementary,,,
371,false,6b248529-b754-4be7-8b1a-91b9756fc2bc,Hexane,Elementary flows/Emission to air/unspecified,kg,elementary,,,
372,false,76608f33-7127-47f2-9718-383b3efe3b43,"Indeno(1,2,3-cd)pyrene",Elementary flows/Emission to air/unspecified,kg,elementary,,,
373,false,9cec94a2-e7fe-43f4-82f4-293c477f86dc,Styrene,Elementary flows/Emission to air/unspecified,kg,elementary,,,
374,false,d57ab983-120a-448b-a681-b876e1addecf,Fluoranthene,Elementary flows/Emission to air/unspecified,kg,elementary,,,
375,false,c492ac36-a5e1-446c-92c5-110a55654a80,Chrysene,Elementary flows/Emission to air/unspecified,kg,elementary,,,
376,false,1f4afa32-a9a2-40da-8396-104452cb637f,Acenaphthene,Elementary flows/Emission to air/unspecified,kg,elementary,,,
377,true,7d5b5802-3698-4be8-98f8-ab7c1a2e9328,"Transformation, from dump site, slag compartment",Elementary flows/Resource/land,m2,elementary,,,
378,true,d73b27a2-81bd-4264-baa5-ce4aca3545be,"Transformation, to dump site, slag compartment",Elementary flows/Resource/land,m2,elementary,,,
379,false,11d33922-e53f-41c8-b614-688b4a3188d9,donations and animal feed,MSW/food,kg,waste,,,
380,false,a703733d-fabc-487b-826a-06c11ac4c0c6,"Nitrogen, organic bound",Elementary flows/Emission to water/unspecified,kg,elementary,,,
381,false,9f5bfac4-cbb6-4b38-afb9-cf563fc5ca15,Nitrite,Elementary flows/Emission to water/unspecified,kg,elementary,,,
382,false,fb005c47-7b90-41f3-a5ca-f0eb11db354a,Ammonium,Elementary flows/Emission to water/unspecified,kg,elementary,,,
383,false,2d4b8ec1-8d53-4e62-8a11-ebc45909b02e,Phosphorus,Elementary flows/Emission to water/unspecified,kg,elementary,,,
384,false,5189de76-6bbb-44ba-8c42-5714f1b4371f,Nitrate,Elementary flows/Emission to water/unspecified,kg,elementary,,,
385,false,e3cfaa07-9b68-4461-a06f-a0e4e59d41d3,Hydrogen sulfide,Elementary flows/Emission to air/high population density,kg,elementary,,,
386,false,ee72df53-b18e-4c96-a7c5-e3e70591739b,digester sludge,MSW/recycled products,kg,elementary,,,
387,false,67b619c0-d35d-4e6d-a0d3-c2c228b20951,biogas,MSW/energy,m3,elementary,,,
388,false,15278529-8caa-40b7-95a6-f3098897516c,organic fertiliser,MSW/recycled products,kg,elementary,,,
389,true,1fe6463a-08c8-406e-b05c-d5ad845da6be,cationic resin,"C:Manufacturing/20:Manufacture of chemicals and chemical products/201:Manufacture of basic chemicals, fertilizers and nitrogen compounds, plastics/2013:Manufacture of plastics and synthetic rubber in primary forms",kg,product,,,
390,false,aac39edf-68c5-4f38-9aa9-17e3ca265109,Potassium I,Elementary flows/Emission to air/high population density,kg,elementary,,,
391,false,e6360e00-79a2-455e-ac9d-2e3159736771,Iodide,Elementary flows/Emission to water/surface water,kg,elementary,,,
392,false,f9923ae7-bdab-44d8-897c-44310aea76b7,Iodine,Elementary flows/Emission to air/high population density,kg,elementary,,,
393,false,b5fae91e-cff0-4513-a997-cdb6922f1ab4,Iodide,"Elementary flows/Emission to water/ground water, long-term",kg,elementary,,,
394,false,77c46f0e-c8c0-4bc3-992c-2a9725d49f70,Bromine,Elementary flows/Emission to air/high population density,kg,elementary,,,
395,true,26c92545-7995-491d-bcca-ee6d590ef194,"hydrogen peroxide, without water, in 50% solution state","C:Manufacturing/20:Manufacture of chemicals and chemical products/201:Manufacture of basic chemicals, fertilizers and nitrogen compounds, plastics/2011:Manufacture of basic chemicals",kg,product,,,
396,false,98eb1d16-9d7a-4716-9be4-1449341a832f,Sodium,Elementary flows/Emission to air/high population density,kg,elementary,,,
397,false,afcbd980-14c2-4e1d-a0aa-5f6464e5c76b,Hydrochloric acid,Elementary flows/Emission to air/high population density,kg,elementary,,,
398,false,257eacb9-96fe-4a3d-961a-f5e6c7823ff0,Hydrogen fluoride,Elementary flows/Emission to air/high population density,kg,elementary,,,
399,false,08fa5790-4764-47a6-85c4-9711298d4e8e,electricity,MSW/energy,MJ,elementary,,,
400,false,71991916-9ac0-4769-8446-299bc6195d49,heat,MSW/energy,MJ,elementary,,,
401,false,1471acca-34ab-4e04-9bd6-e3825b20580f,Iodine,Elementary flows/Emission to air/low population density,kg,elementary,,,
402,false,7673fea9-b4ab-403e-b011-f1fb5a74ea2a,Tungsten,Elementary flows/Emission to water/surface water,kg,elementary,,,
403,false,d0125769-1059-41bb-8313-f4ef1cc1bd14,"sewage sludge, 70% water, WWT, WW, average","E:Water supply; sewerage, waste management and remediation activities/38:Waste collection, treatment and disposal activities; materials recovery/382:Waste treatment and disposal/3821:Treatment and disposal of non-hazardous waste",kg,waste,,,
404,false,2f6bb945-2e93-4ea8-b3b6-7930c3680486,Scandium,Elementary flows/Emission to water/surface water,kg,elementary,,,
405,false,34d3846c-787a-48c0-9d72-3ae58373ef78,"sewage sludge, 97% water, WWT, WW, average","E:Water supply; sewerage, waste management and remediation activities/38:Waste collection, treatment and disposal activities; materials recovery/382:Waste treatment and disposal/3821:Treatment and disposal of non-hazardous waste",kg,waste,,,
406,true,e86c6358-1283-31b1-af5d-6bf05fc58ff8,"Water, cooling, unspecified natural origin, RER",Elementary flows/Resource/in water,m3,elementary,,,
407,false,38d0827f-25eb-311d-bd7f-9dcf17401b5c,"Water, RER",Elementary flows/Emission to water/unspecified,m3,elementary,,,
408,true,10e7a3bc-9edc-322b-b3eb-0ca651428c2c,"Water, unspecified natural origin, RER",Elementary flows/Resource/in water,m3,elementary,,,
409,false,bd3b8fd6-dd6a-47f2-a990-6d0184ce1aa2,"glass cullet, sorted",MSW/recycled products,kg,elementary,,,
410,false,8d7bac1b-7329-46f7-ad60-d7bc189e771a,"iron scrap, sorted, pressed",MSW/recycled products,kg,elementary,,,
411,false,5208cbff-1c6d-49fa-a4a6-c2081129d077,"waste paper, sorted",MSW/recycled products,kg,elementary,,,
412,true,6ab2abde-801d-45a3-8ea3-455d0f01c3f4,"water, decarbonised","E:Water supply; sewerage, waste management and remediation activities/36:Water collection, treatment and supply/360:Water collection, treatment and supply/3600:Water collection, treatment and supply",kg,product,,,
413,false,2cb0d6c6-349c-46fc-b31f-a036c847a267,"waste plastic, consumer electronics, sorted","E:Water supply; sewerage, waste management and remediation activities/38:Waste collection, treatment and disposal activities; materials recovery/383:Materials recovery/3830:Materials recovery",kg,product,,,
414,false,cfecebe1-1e13-458d-85bc-d40a9f934927,Dissolved solids,Elementary flows/Emission to water/surface water,kg,elementary,,,
415,true,edcfa83a-363a-4b2d-8d6a-612e32dfcdfc,"sodium chloride, powder",B:Mining and quarrying/08:Other mining and quarrying/089:Mining and quarrying n.e.c./0893:Extraction of salt,kg,product,,,
416,false,541500f2-fbc7-4dcb-b61f-da07effee220,"Water, IN",Elementary flows/Emission to water/surface water,m3,elementary,,,
417,false,5ac961f0-8e53-42ff-b13f-1a7fb9133868,Sodium I,Elementary flows/Emission to water/unspecified,kg,elementary,,,
418,false,6d25e386-4ef9-4d40-85c6-e694f523a4da,Chloride,Elementary flows/Emission to water/unspecified,kg,elementary,,,
419,true,a2bab804-f458-4de6-a18d-0a378d2eb3cb,recycleplastic,MSW/plastic,kg,waste,,,
420,false,4ec70203-13b0-58cc-b4dd-2fcce8a96732,"VOC, volatile organic compounds",Elementary flows/Emission to air/unspecified,kg,elementary,,,
421,true,444d81a0-13e0-41a4-8f63-e691b0133c04,"wire drawing, steel",C:Manufacturing/24:Manufacture of basic metals/241:Manufacture of basic iron and steel/2410:Manufacture of basic iron and steel,kg,product,,,
422,true,d512585c-a3ff-3bd4-8854-3d23c14926c0,"Water, unspecified natural origin, CH",Elementary flows/Resource/in water,m3,elementary,,,
423,true,f1ca67fc-fd5c-3179-aeb9-c689f7a8a2af,"Water, cooling, unspecified natural origin, CH",Elementary flows/Resource/in water,m3,elementary,,,
424,true,3372cdea-bef5-4186-9ae6-b67a016aa67d,soap,C:Manufacturing/10:Manufacture of food products/104:Manufacture of vegetable and animal oils and fats/1040:Manufacture of vegetable and animal oils and fats,kg,product,,,
425,false,ff15b377-b16a-4881-9fff-fe6c5efd4a9a,"recycled rubber, granulated",MSW/recycled products,kg,elementary,,,
426,false,06ad22ee-b9c5-4d85-b14c-45e8a4a99e9d,wastewater from particle board production,"E:Water supply; sewerage, waste management and remediation activities/37:Sewerage/370:Sewerage/3700:Sewerage",m3,waste,,,
427,false,3f0b6ab9-46bf-47d7-9ebe-1806cc090b86,"wood chips, from post-consumer wood, measured as dry mass",MSW/recycled products,kg,elementary,,,
428,false,5e91f560-9daa-4679-9c04-1de32bc92626,compost,MSW/recycled products,kg,elementary,,,
429,false,384251d1-b5d8-4da7-a0c4-31ac229ad8a7,"copper scrap, sorted, pressed",MSW/recycled products,kg,elementary,,,
430,false,4b94038c-a5a0-4649-9916-eecc7d97c150,"aluminium scrap, post-consumer, prepared for melting",MSW/recycled products,kg,elementary,,,
431,true,a45cd247-3532-4e27-bddc-b519fdb5e08f,Aluminium,Elementary flows/Resource/in ground,kg,elementary,,,
432,true,be73218b-18af-492e-96e6-addd309d1e32,Zinc,Elementary flows/Resource/in ground,kg,elementary,,,
433,true,a9ac40a0-9bea-4c48-afa7-66aa6eb90624,Copper,Elementary flows/Resource/in ground,kg,elementary,,,
434,true,8ce3ff02-7a1e-48e3-881e-3248b944f28a,Iron,Elementary flows/Resource/in ground,kg,elementary,,,
435,true,d080e6a4-42c6-484e-b5d7-d74693aec7d9,Gold,Elementary flows/Resource/in ground,kg,elementary,,,
436,true,361a64cb-ab76-4a72-9ea1-c07d6a20c124,Silver,Elementary flows/Resource/in ground,kg,elementary,,,
437,true,edc69c63-a776-4dbf-acbf-e0368914980a,Palladium,Elementary flows/Resource/in ground,kg,elementary,,,
438,true,fbcb9c7a-eea7-4694-ba6c-568e01d28883,Lead,Elementary flows/Resource/in ground,kg,elementary,,,
439,true,974213ef-1ba0-40e5-bc7b-52ef099e9e09,Nickel,Elementary flows/Resource/in ground,kg,elementary,,,
440,true,53d5ef26-66d8-4536-afa2-2f6b114189ba,Tin,Elementary flows/Resource/in ground,kg,elementary,,,
441,true,19fafab5-f4a8-380e-9d9d-1b873e20cfee,Sand,Elementary flows/Resource/in ground,kg,elementary,,,
442,true,4d81f2d8-1e44-44d0-8439-a1121c8bce27,sodium carbonate,Elementary flows/Resource/in ground,kg,elementary,,,
443,true,537b8312-3f27-4d3c-859f-55d3f944f42d,"Limestone, in ground",Elementary flows/Resource/in ground,kg,elementary,,,
444,true,88d06db9-59a1-4719-9174-afeb1fa4026a,"Oil, crude",Elementary flows/Resource/in ground,kg,elementary,,,
445,true,e5e2fee5-20bd-3953-a9a9-e79801674215,Water (with river silt),Elementary flows/Resource/unspecified,kg,elementary,,,
446,true,e189e2d4-3d3f-4ada-b302-91611784311f,Chromium,Elementary flows/Resource/in ground,kg,elementary,,,
447,true,2f033407-6060-4e1e-868c-9f362d10fdb2,Titanium,Elementary flows/Resource/in ground,kg,elementary,,,
